{
	"3.0.6": [
		"修复首页伪静态链接错误的问题",
		"还原统计代码及广告文件夹位置",
		"留言本增加留言条数显示",
		"优化分页显示效果",
		"优化文章meta标签"
	],
	"3.0.5": [
		"修复频繁出现主题功能受损的问题",
		"修复后台菜单不换行的bug",
		"首页主体改为异步加载",
		"修复云播视频404的bug",
		"优化积分下载功能",
		"修复专题详情页不显示title的问题",
		"统计代码移到head标签内,支持写入script,meta标签",
		"需要底部显示统计代码的请选择文章推荐2"
	],
	"3.0.4": [
		"全部模板文件整理归纳",
		"修复文章搜索跳视频的bug",
		"抢先看求片专区改为专题推荐4",
		"留言评论热搜屏蔽script标签",
		"xml地图增加文章列表",
		"修复页面无限刷新的bug",
		"视频增加积分点播下载功能",
		"视频增加自动连播下一集功能",
		"播放页增加两个广告位",
		"修复播放器接口",
		"更新联盟资源库",
		"修复留言评论用户没头像不显示默认头像的bug",
		"修复关闭登录搜索留言依然显示的问题",
		"修复侧边栏二维码不显示的bug",
		"修复云播链接转码导致无法播放的bug",
		"增加dplayer播放器"
	],
	"3.0.3": [
		"修复搜索评论留言回车提交bug",
		"修复评论支持反对举报",
		"修复播放器切换接口失效的bug",
		"解析状态改为禁用则不会调用解析",
		"未知播放器改为云播放器",
		"pc端增加html5播放器(ck)",
		"域名授权增加二次验证",
		"增加文章搜索页面",
		"增加站点维护页面"
	],
	"3.0.2": [
		"修正抢先看推荐值",
		"修复视频报错bug",
		"移动端增加自定义导航文章设置推荐1",
		"修复播放器带参数地址无法播放的问题",
		"增加求片专区视频设置推荐2",
		"增加今日热门排行榜页面",
		"修复前端切换主题失效bug",
		"头部幻灯增加专题推荐5",
		"PC端导航添加下拉菜单",
		"优化头部meta标签",
		"重写vfed主题设置",
		"增加自定义联盟资源库",
		"增加一键添加定时任务",
		"email邮箱处填favicon图标地址"
	],
	"3.0.1": [
		"修复搜索为1的bug",
		"移除底部版权及默认友情链接",
		"修复ios短连接复制无效的bug",
		"底部版权提示改为文章推荐2",
		"右上角影视群改为文章推荐3",
		"首页分类小幻灯改为推荐4",
		"首页抢先看改为推荐3",
		"头部幻灯增加专题推荐5",
		"PC端导航添加下拉菜单",
		"优化头部meta标签"
	],
	"3.0.0": [
		"主题优化：全站响应式　图片懒加载　自定义logo",
		"主题模块：视频　文章　专题　用户中心　站内公告　抢先看",
		"搜索功能：搜索联想　热门搜索　搜索记录　一键求片",
		"视频功能：播放记录　切换接口　视频报错　官网播放　ckplayer　aliplayer",
		"视频解析：二次解析　广告覆盖　延时加载　内置无广告解析　自定义广告",
		"售后服务：独立售后群　协助解决各种主题相关问题，享受主题免费升级",
		"首页风格：分类轮播　通栏排版　主题展示",
		"主题皮肤：白色皮肤　黑色皮肤　黑金搭配　透明皮肤",
		"字体颜色：橙色字体　蓝色字体　粉色字体　红色字体",
		"配置修改：播放配置　服务器组　下载设置　采集资源",
		"繁简切换：中文简体　中文繁體"
	]
}